cuisine,description
Cheeseburgers,"A delicious burger with a juicy beef patty, melted cheddar cheese, crisp lettuce, ripe tomatoes, pickles, and a tangy sauce, all nestled between a soft toasted bun. Served with crispy golden fries."
Apple Pie,"A warm, comforting pie with a flaky, buttery crust filled with sweet, spiced apples and a hint of cinnamon, baked until golden and served with a scoop of vanilla ice cream."
Slow Smoked Ribs,"Tender, slow-cooked pork ribs that are perfectly smoked, coated in a rich, smoky barbecue sauce, and served with a side of crispy fries."
Pulled Pork Sandwiches,"Slow-cooked pulled pork, seasoned with smoky spices and topped with a creamy coleslaw, served on a soft bun for a perfect balance of flavors and textures."
Pancakes,"Fluffy, golden pancakes stacked high, drizzled with warm maple syrup and topped with a dollop of whipped cream and fresh berries."
Scrambled Eggs,"Soft, creamy scrambled eggs served with crispy bacon, golden buttery toast, and a light sprinkle of fresh herbs."
Double Patty Burger,"Two juicy beef patties stacked high, melted cheese, caramelized onions, crisp lettuce, and a tangy sauce, all nestled between a toasted bun."
Black Bean Burger,"A hearty, savory vegetarian burger made from seasoned black beans, topped with creamy avocado slices, fresh lettuce, and a zesty sauce, served in a whole grain bun."
Artisan Lattes,"A smooth and rich espresso base topped with steamed milk, creating a velvety, frothy texture. Paired perfectly with freshly baked, buttery croissants."
Gourmet Sandwiches,"A variety of gourmet sandwiches, each made with premium ingredients like smoked turkey, fresh greens, creamy cheeses, and tangy spreads, served on freshly baked artisan bread."
Dumplings,"Delicate dumplings filled with a savory mixture of ground pork, ginger, garlic, and vegetables, then steamed to perfection and served with a soy-based dipping sauce."
Sweet and Sour Chicken,"Crispy chicken pieces coated in a tangy, sweet sauce made from vinegar, sugar, and pineapple, accompanied by a side of fluffy fried rice."
Chocolate Lava Cake,"A decadent, warm chocolate cake with a gooey, molten center, served with a scoop of vanilla ice cream and a drizzle of rich chocolate sauce."
Vanilla Ice Cream,"Creamy and smooth vanilla ice cream made with real vanilla beans, served with fresh, juicy strawberries on the side."
Escargots,"Delicate snails cooked in rich garlic butter with parsley, creating a tender and flavorful bite, served in their shells with crusty bread for dipping."
Nutella Crepes,"Thin, delicate crepes filled with rich, creamy Nutella and topped with fresh banana slices, dusted with powdered sugar for a sweet, indulgent treat."
Gyro Wraps,"Tender, marinated lamb slices wrapped in warm pita bread with crisp lettuce, juicy tomatoes, and a dollop of cool tzatziki sauce."
Greek Salad,"A fresh salad made with crisp cucumbers, juicy tomatoes, Kalamata olives, and creamy feta cheese, drizzled with olive oil and oregano."
Smoothie Bowls,"Vibrant bowls filled with blended fruit and topped with fresh slices of bananas, berries, granola, and a drizzle of honey."
Grilled Chicken,"Juicy grilled chicken breast, perfectly seasoned with herbs and spices, served with a side of steamed vegetables and quinoa."
Butter Chicken,"Tender pieces of chicken cooked in a rich, creamy tomato-based sauce with fragrant spices, served with soft naan bread for dipping."
Biryani,"A fragrant, spiced rice dish cooked with tender pieces of meat, such as chicken or lamb, flavored with a blend of aromatic spices like saffron and cardamom."
Fettuccine Alfredo,"Silky fettuccine pasta coated in a rich, creamy Alfredo sauce made with butter, cream, and Parmesan cheese, garnished with freshly chopped parsley."
Margherita Pizza,"A classic pizza topped with fresh mozzarella, tangy tomato sauce, and a sprinkle of basil leaves, baked to golden perfection."
Sushi Rolls,"Delicate sushi rolls filled with fresh fish, like tuna or salmon, and avocado, wrapped in seaweed, and served with soy sauce and wasabi."
Ramen,"Rich, flavorful pork broth with tender ramen noodles, topped with a soft-boiled egg, thinly sliced pork, and a sprinkle of green onions."
Beef Tacos,"Soft corn tortillas filled with spiced, slow-cooked beef, topped with fresh salsa, creamy guacamole, and a sprinkle of cilantro."
Cheesy Enchiladas,"Corn tortillas filled with seasoned chicken or beef, smothered in a rich tomato sauce and melted cheese, then baked to perfection."
Stir Fried Noodles,"Stir-fried noodles with shrimp, tofu, and crunchy vegetables, tossed in a savory soy-based sauce for a deliciously satisfying dish."
Pho,"Fragrant, savory beef broth with rice noodles, thinly sliced beef, fresh herbs, and bean sprouts, served with a wedge of lime."
Farm to Table Salads,"A fresh, crisp salad made with organic greens, heirloom tomatoes, and seasonal vegetables, dressed with a light lemon vinaigrette."
Grass fed Beef Burgers,"Juicy grass-fed beef patty topped with fresh lettuce, tomato, and melted cheese, served with crispy baked sweet potato fries."
Penne Arrabbiata,"Penne pasta tossed in a spicy tomato sauce made with garlic, red pepper flakes, and olive oil, topped with freshly grated Parmesan cheese."
Lasagna,"Layers of pasta, creamy ricotta cheese, and savory Bolognese sauce, baked until bubbly and golden brown."
Pepperoni Pizza,"Thin crust pizza topped with tangy tomato sauce, melted mozzarella, and slices of spicy pepperoni, baked to crispy perfection."
Wood Fired Pizza,"Wood-fired pizza topped with prosciutto, fresh arugula, and a drizzle of balsamic glaze, baked until the crust is perfectly crisp."
Caesar Salad,"Crisp Romaine lettuce tossed with a rich Caesar dressing, crunchy croutons, and freshly grated Parmesan cheese."
Spinach Salad,"Fresh spinach leaves tossed with sweet strawberries, creamy goat cheese, and candied pecans, drizzled with a balsamic vinaigrette."
Grilled Salmon,"Perfectly grilled salmon fillets topped with a zesty lemon butter sauce, served with a side of steamed vegetables."
Butter Poached Lobster,"Tender lobster tails gently poached in butter, served with a side of garlic mashed potatoes and a lemon wedge."
Paella,"A traditional Spanish rice dish cooked with saffron, shrimp, mussels, and other seafood, along with a blend of aromatic herbs and spices."
Churros,"Crispy, golden churros dusted with cinnamon sugar, served with a rich chocolate dipping sauce."
Ribeye Steak,"A juicy ribeye steak cooked to perfection, with a rich, savory flavor and a beautiful sear, served with roasted vegetables."
Filet Mignon,"A tender, melt-in-your-mouth filet mignon, topped with a rich red wine reduction sauce, served with roasted potatoes."
Nigiri Sushi,"Delicate nigiri sushi made with perfectly seasoned rice topped with thin slices of fresh fish, like tuna or salmon."
Rainbow Rolls,"Sushi rolls filled with fresh fish like tuna, salmon, and avocado, topped with a colorful array of fish and garnished with sesame seeds."
Carnitas Tacos,"Soft corn tortillas filled with slow-cooked, tender carnitas, topped with fresh salsa verde and a sprinkle of cilantro."
Fish Tacos,"Crispy fish fillets wrapped in soft tortillas, topped with tangy cabbage slaw and a drizzle of lime crema."
Patatas Bravas,"Crispy fried potatoes served with a spicy tomato sauce and a dollop of garlicky aioli for a flavorful bite."
Garlic Shrimp,"Succulent shrimp sautéed in olive oil with garlic, paprika, and fresh parsley, served with a wedge of lemon."
Vegan Lentil Curry,"A hearty, plant-based curry made with lentils, coconut milk, and a blend of fragrant spices, served with fluffy basmati rice."
Portobello Mushrooms,"Grilled Portobello mushrooms marinated with balsamic vinegar and garlic, served with quinoa and sautéed kale."
Jollof Rice,"Spicy, flavorful Jollof rice cooked with tomatoes, bell peppers, and aromatic spices, served with grilled chicken and fried plantains."
Lamb Stew,"Tender lamb chunks slow-cooked in a rich broth with vegetables and aromatic spices, served with a side of crusty bread."
BBQ Chicken Wings,"Smoky and crispy chicken wings coated in a tangy barbecue sauce, served with a side of creamy ranch dipping sauce."
Mac and Cheese,"Classic macaroni and cheese made with elbow pasta, creamy cheese sauce, and topped with crispy breadcrumbs."
Brisket,"Tender, slow-cooked brisket smoked to perfection and served with pickles and a side of baked beans."
Grilled Sausages,"Juicy, perfectly grilled sausages served with mustard and tangy sauerkraut for a classic German-inspired dish."
Breakfast Burrito,"A warm flour tortilla filled with scrambled eggs, crispy bacon, and salsa, wrapped up for a delicious breakfast on the go."
Waffles,"Light and fluffy waffles served with whipped cream, fresh strawberries, and a drizzle of maple syrup."
Gourmet Burger,"A gourmet burger made with a premium beef patty, topped with blue cheese, arugula, and caramelized onions, served on a toasted bun."
Jalapeño Burger,"A spicy burger with a juicy beef patty, melted cheese, fresh jalapeños, and chipotle mayo, served on a toasted bun."
Cappuccino,"A rich, smooth espresso topped with velvety steamed milk and a dusting of cocoa powder, served in a warm cup."
Pastries,"Assorted freshly baked pastries, including pain au chocolat, almond croissants, and fruit-filled Danish pastries."
Mapo Tofu,"Soft tofu cubes cooked in a spicy, savory sauce made with fermented bean paste, garlic, and chili oil, served over steamed rice."
Stir Fried Vegetables,"A medley of colorful vegetables, including bell peppers, carrots, and broccoli, stir-fried with tofu in a savory soy-based sauce."
Cheesecake,"Creamy, rich cheesecake with a buttery graham cracker crust and topped with a fresh berry compote."
Apple Crisp,"Baked apple crisp with a sweet, spiced apple filling and a crumbly oat topping, served warm with vanilla ice cream."
Coq au Vin,"Tender chicken simmered in red wine with mushrooms, onions, and herbs, creating a rich and savory sauce."
French Onion Soup,"Rich, flavorful soup made with caramelized onions in a savory beef broth, topped with melted Gruyère cheese and toasted bread."
Lamb Moussaka,"Layers of tender lamb, eggplant, and béchamel sauce, baked until golden and served with a side of fresh salad."
Spanakopita,"Crispy phyllo dough filled with a savory mixture of spinach and feta cheese, baked until golden brown."
Quinoa Salad,"A light and refreshing salad made with protein-packed quinoa, roasted vegetables, and a tangy lemon vinaigrette."
Chia Pudding,"Creamy chia pudding topped with fresh mixed berries and coconut flakes, creating a refreshing and healthy dessert."
Vegetarian Samosas,"Crispy, golden samosas filled with a spiced potato and pea mixture, served with a side of tamarind chutney."
Tandoori Chicken,"Tender chicken marinated in a blend of yogurt and aromatic spices, then grilled to perfection, served with a side of naan bread."
Marinara Spaghetti,"Classic spaghetti served with a rich tomato-based marinara sauce, topped with freshly grated Parmesan cheese."
Polenta,"Creamy polenta served with wild mushrooms and a fragrant rosemary-infused sauce."
Tempura Shrimp,"Crispy tempura-battered shrimp, served with a light soy-based dipping sauce."
Tonkotsu Ramen,"Rich and creamy tonkotsu broth served with ramen noodles, soft-boiled egg, and tender slices of pork."
Chicken Quesadilla,"Warm flour tortillas filled with melted cheese and seasoned chicken, served with a side of salsa and sour cream."
Steak Fajitas,"Grilled steak strips served with peppers and onions in soft flour tortillas, accompanied by a side of guacamole."
Pad Thai,"A delicious stir-fried noodle dish made with tamarind sauce, peanuts, bean sprouts, and your choice of chicken or shrimp."
Soba Noodles,"Chilled soba noodles served in a savory soy-based broth, topped with mushrooms and fresh green onions."
Roasted Root Vegetables,"Seasonal root vegetables, such as carrots, parsnips, and sweet potatoes, roasted to perfection with organic olive oil."
Grilled Vegetable Skewers,"Skewers filled with fresh, seasonal vegetables like zucchini, bell peppers, and mushrooms, grilled to tender perfection."
Linguine with Clams,"Linguine pasta tossed with fresh clams, garlic, and white wine sauce, garnished with parsley for a fresh, flavorful dish."
Baked Ziti,"Baked ziti pasta layered with marinara sauce and creamy ricotta cheese, topped with melted mozzarella and Parmesan."
Four Cheese Pizza,"A rich pizza topped with a blend of mozzarella, cheddar, goat cheese, and Parmesan, creating a creamy and savory flavor."
Vegetarian Pizza,"A pizza topped with roasted vegetables, pesto, and creamy ricotta cheese, creating a light and flavorful dish."
Greek Salad,"A fresh salad made with cucumbers, tomatoes, Kalamata olives, and feta cheese, dressed in olive oil and oregano."
Arugula and Pear Salad,"A light and refreshing salad made with peppery arugula, sweet pears, candied walnuts, and a tangy balsamic vinaigrette."
Fried Calamari,"Crispy fried calamari served with marinara sauce for dipping, creating a perfect balance of textures and flavors."
Seared Scallops,"Seared scallops cooked in butter, served with a side of fresh asparagus and a light lemon sauce."
Seafood Paella,"A flavorful Spanish rice dish made with saffron rice, shrimp, mussels, and other seafood, all simmered together for a rich flavor."
Porterhouse Steak,"A juicy porterhouse steak grilled to perfection and served with a garlic butter drizzle."
Flank Steak,"A juicy flank steak grilled to perfection, topped with a fresh chimichurri sauce, and served with roasted vegetables."
Spicy Tuna Rolls,"Sushi rolls filled with spicy tuna, avocado, and cucumber, wrapped in seaweed and served with soy sauce."
Salmon Sashimi,"Fresh slices of raw salmon served with a side of soy sauce and wasabi for dipping."
Beef Tacos,"Soft tortillas filled with slow-cooked beef, topped with onions, cilantro, and a squeeze of fresh lime."
Shrimp Tacos,"Grilled shrimp wrapped in soft tortillas, topped with avocado salsa and a sprinkle of cilantro."
Chorizo,"Flavorful chorizo cooked in red wine with garlic, paprika, and a variety of spices, served with crusty bread."
Patatas Bravas,"Crispy fried potatoes drizzled with spicy tomato sauce and served with garlicky aioli for dipping."
Chickpea Curry,"A flavorful curry made with chickpeas, coconut milk, and aromatic spices, served over basmati rice."
Stuffed Bell Peppers,"Bell peppers stuffed with quinoa, black beans, corn, and seasoned with a blend of spices, baked to perfection."
Pho Bo,"A fragrant beef noodle soup made with rice noodles, fresh herbs, and thinly sliced beef, served with bean sprouts and lime."
Pho Ga,"A light chicken noodle soup served with fresh cilantro, basil, and bean sprouts for added flavor."
Banh Mi,"A crispy baguette filled with savory meats, pickled vegetables, and fresh herbs, creating a perfect balance of textures and flavors."
Banh Xeo,"Crispy Vietnamese pancakes filled with shrimp, pork, and bean sprouts, served with fresh herbs and a dipping sauce."
Goi Cuon,"Fresh spring rolls filled with shrimp, rice noodles, lettuce, and herbs, served with a peanut dipping sauce."
Cha Gio,"Deep-fried spring rolls filled with minced pork, shrimp, and vegetables, served with a tangy dipping sauce."
Com Tam,"Grilled pork chop served with broken rice, pickled vegetables, and a fried egg, creating a delicious and satisfying dish."
Bun Cha,"Grilled pork patties and belly served with vermicelli noodles, fresh herbs, and a side of dipping sauce."
Bun Bo Hue,"A spicy beef noodle soup made with lemongrass, beef shank, and oxtail, served with rice noodles and fresh herbs."
Ca Phe Sua Da,"Iced Vietnamese coffee made with strong drip coffee and sweetened condensed milk, served over ice for a refreshing drink."
Che,"A traditional Vietnamese sweet dessert soup made with coconut milk, beans, and tropical fruits, served cold."
Canh Chua,"A sour fish soup made with tamarind, pineapple, and okra, typically served with rice for a tangy and comforting meal."
Mi Quang,"A stir-fried noodle dish made with turmeric, shrimp, and pork, topped with fresh herbs for a deliciously savory experience."
Banh Cuon,"Steamed rice rolls stuffed with minced pork, mushrooms, and fried shallots, served with fresh herbs and dipping sauce."
Banh Bot Loc,"Tapioca dumplings filled with shrimp and pork, often served with chili sauce for a perfect balance of flavors."
Com Rang,"Fried rice with vegetables and eggs, served with your choice of meat or seafood for a satisfying meal."
Lau,"A hot pot filled with a variety of meats, seafood, tofu, and vegetables, served with dipping sauces for a fun and interactive meal."
Dao Hu Sot Ca,"Tofu in a tomato sauce with mushrooms and herbs, served over rice for a simple and flavorful vegetarian dish."
Tra Da,"Iced tea served alongside meals, typically lightly sweetened and refreshing, perfect for complementing flavorful dishes."
Banh Chung,"A square sticky rice cake filled with mung beans and pork, traditionally eaten during Tet celebrations."
Banh Tet,"A cylindrical sticky rice cake filled with either pork or mung beans, typically served during the Lunar New Year."
Hu Tieu,"A fragrant soup made with clear broth, a variety of meats like shrimp, pork, and beef, served with noodles and fresh herbs."
Oc Luoc,"Boiled snails cooked with lemongrass and chili, served with a dipping sauce for a delightful seafood dish."
Mam Tom,"A fermented shrimp paste used as a condiment in various dishes, adding a salty and umami flavor."
Ca Ri,"Vietnamese-style curry made with coconut milk, chicken, and potatoes, served with bread or rice for a rich, comforting dish."
Ga Nuong Sa,"Grilled chicken marinated in lemongrass and spices, served with rice or noodles for a fragrant, flavorful meal."
Suon Nuong,"Grilled pork ribs marinated in a sweet and savory sauce, served with rice for a delicious, satisfying dish."
Lobster Bisque,"A rich and creamy soup made with lobster meat, heavy cream, brandy, and a touch of tomato paste, garnished with fresh herbs."
Steak Tartare,"Finely chopped raw beef mixed with capers, onions, egg yolk, and seasonings, served with toast points."
Crab Cakes,"Golden-brown patties made with lump crab meat, breadcrumbs, and a blend of seasonings, served with tangy remoulade."
Eggplant Parmesan,"Layers of tender eggplant breaded and fried, smothered in marinara sauce, topped with melted mozzarella and Parmesan cheese."
Beef Wellington,"A tender beef fillet coated with mushroom duxelles and wrapped in puff pastry, then baked to golden perfection."
Chicken Cacciatore,"Chicken braised in a tomato-based sauce with onions, bell peppers, olives, and capers, served over pasta or rice."
Shrimp Scampi,"Shrimp sautéed in garlic butter, lemon juice, and white wine, served with linguine pasta and garnished with parsley."
Moussaka,"Layers of sautéed eggplant, ground lamb, béchamel sauce, and a touch of cinnamon, baked until golden brown."
Crispy Duck Breast,"Pan-seared duck breast with a crispy skin, served with a tangy orange glaze and accompanied by roasted vegetables."
Lamb Shank,"Braised lamb shank cooked in red wine and herbs, served with mashed potatoes and a rich reduction sauce."
Risotto Primavera,"Creamy Arborio rice cooked with seasonal vegetables, finished with Parmesan cheese and fresh herbs."
Clams Casino,"Clams topped with a mixture of breadcrumbs, bacon, and garlic butter, broiled until crispy."
Beef Brisket,"Slow-cooked beef brisket, tender and juicy, served with a smoky barbecue sauce and sides of coleslaw and baked beans."
Peking Duck,"Crispy-skinned duck served with thin pancakes, hoisin sauce, and fresh scallions, wrapped and enjoyed as a delicate bite."
Fried Green Tomatoes,"Sliced green tomatoes dipped in cornmeal and flour, fried until crispy, and served with a tangy remoulade sauce."
Lobster Roll,"Fresh lobster meat lightly dressed in mayonnaise and served in a buttered, toasted bun, with a side of chips."
Braised Short Ribs,"Tender short ribs slow-braised in red wine and aromatics, served with mashed potatoes and a rich sauce."
Beef Bourguignon,"Beef stew slow-cooked in red wine, with mushrooms, pearl onions, and carrots, and served with crusty bread."
Goulash,"A hearty stew made with beef, paprika, tomatoes, and vegetables, simmered to tender perfection and served with dumplings."
Jambalaya,"A Creole rice dish made with shrimp, sausage, chicken, and a blend of spices, cooked in a rich tomato-based sauce."
Moules Marinières,"Fresh mussels steamed in white wine, garlic, and herbs, served with crusty bread to soak up the flavorful broth."
Egg Drop Soup,"A comforting Chinese soup made with hot broth and whisked eggs, creating silky ribbons of egg throughout."
Calzone,"A folded pizza filled with mozzarella cheese, ricotta, ham, and pepperoni, baked until golden and served with marinara sauce."
Fried Catfish,"Cornmeal-breaded catfish fillets deep-fried to a crispy golden brown, served with hushpuppies and coleslaw."
Lobster Thermidor,"Lobster meat in a creamy mustard and brandy sauce, topped with melted cheese, and baked in the lobster shell."
Chicken Fried Steak,"Tenderized beef steak breaded and fried until crispy, served with creamy mashed potatoes and gravy."
Beef Empanadas,"Flaky pastry filled with spiced beef, onions, and olives, deep-fried until golden, served with a tangy dipping sauce."
Pulled Jackfruit Tacos,"Shredded jackfruit sautéed in barbecue sauce and served in soft tortillas with fresh cabbage slaw."
Crab Rangoon,"Crispy wonton wrappers filled with cream cheese and crab, fried to golden perfection and served with sweet chili sauce."
Lamb Kofta,"Ground lamb mixed with spices and herbs, formed into meatballs and grilled, served with a side of tzatziki sauce."
Fettuccine Carbonara,"Al dente fettuccine tossed in a creamy sauce made with eggs, Parmesan, pancetta, and black pepper."
Chicken Shawarma,"Marinated chicken thighs grilled and sliced thin, served with pita bread, fresh vegetables, and garlic sauce."
Pork Schnitzel,"Breaded and fried pork cutlet, crispy on the outside and tender on the inside, served with a tangy lemon wedge."
Fish and Chips,"Beer-battered cod fillets fried until crispy, served with golden fries and a side of tartar sauce."
Shakshuka,"Poached eggs in a spicy tomato sauce with peppers, onions, and cumin, served with warm pita bread."
Baked Ziti,"Pasta baked with a rich marinara sauce, layers of ricotta cheese, and melted mozzarella, creating a comforting dish."
Tuna Tartare,"Fresh raw tuna diced and mixed with avocado, sesame oil, and soy sauce, served as a refreshing appetizer."
Ceviche,"Fresh fish marinated in citrus juices, mixed with onions, cilantro, and chili, served as a tangy, refreshing appetizer."
Philly Cheesesteak,"Thinly sliced steak, grilled with onions and bell peppers, and topped with melted cheese, served on a hoagie roll."
Pollo al Ajillo,"Garlic-infused chicken, sautéed until crispy and golden, served with roasted potatoes and a side of sautéed greens."
Chicken Parmesan,"Breaded and fried chicken cutlets, topped with marinara sauce and mozzarella cheese, baked to perfection."
Duck Confit,"Slow-cooked duck leg in its own fat, crisped to perfection and served with mashed potatoes and a rich sauce."
Seafood Linguine,"Linguine pasta tossed with shrimp, scallops, clams, and garlic butter, finished with a sprinkle of fresh parsley."
Mahi-Mahi,"Grilled Mahi-Mahi fillet served with mango salsa and a side of steamed vegetables."
Chili Con Carne,"A hearty beef chili made with kidney beans, tomatoes, onions, and chili peppers, simmered to perfection."
Lobster Mac and Cheese,"Lobster meat combined with creamy mac and cheese, topped with a breadcrumb crust and baked until bubbly."
Hoisin Glazed Ribs,"Pork ribs glazed in hoisin sauce, roasted until caramelized and served with a side of rice and pickled vegetables."
Pork Belly,"Crispy pork belly served with steamed buns, hoisin sauce, and pickled vegetables."
Squid Ink Pasta,"Spaghetti tossed with a rich squid ink sauce, garlic, olive oil, and a hint of lemon, garnished with parsley."
Paella Valenciana,"A traditional Spanish rice dish made with chicken, rabbit, seafood, and vegetables, all cooked together in saffron."
Ratatouille,"A medley of roasted vegetables, including zucchini, eggplant, tomatoes, and bell peppers, flavored with herbs."
Lobster Risotto,"Creamy risotto made with lobster stock and fresh lobster meat, finished with Parmesan cheese and chives."
Arancini,"Crispy risotto balls stuffed with mozzarella cheese and served with marinara dipping sauce."
Ginger Chicken Stir-fry,"Tender chicken stir-fried with fresh ginger, garlic, soy sauce, and vegetables, served over steamed rice."
Beef Pad Thai,"Stir-fried rice noodles with beef, peanuts, eggs, bean sprouts, and a tamarind sauce, garnished with lime wedges."
Beef and Broccoli,"Beef slices stir-fried with broccoli in a savory soy-based sauce, served with steamed white rice."
Mahi-Mahi Tacos,"Grilled mahi-mahi fillets in soft tortillas, topped with cabbage slaw, and drizzled with a tangy crema sauce."
Eggplant Stir-fry,"Tender eggplant stir-fried with garlic, chili, soy sauce, and fresh basil, served over jasmine rice."
Crab Bisque,"A velvety soup made with rich crab stock, cream, and pieces of fresh crab meat, finished with a touch of sherry."
Duck Leg Confit,"Duck legs slowly cooked in duck fat until tender, served with a red wine reduction sauce and roasted vegetables."
Linguine vongole,"Linguine pasta tossed with fresh clams, garlic, olive oil, white wine, and parsley, creating a simple yet flavorful dish."
Grilled Swordfish,"Swordfish steaks grilled with olive oil, lemon, and capers, served with a side of couscous."
Sichuan Hot Pot,"A spicy Chinese hot pot with a variety of meats, seafood, tofu, and vegetables cooked in a fiery Sichuan broth."
